{"file": "starshape_t_on_0.55_t_off_0.05_remasker_schedule_plato_len_256", "pretrained_model": "gpt2-large", "median_nll": 2.3852633237838745, "avg_nll": 3.1295777302845984, "ppl": 22.864322592671535, "acc": 0.3810229694305182, "tokens": 1264202, "retokenize": true, "first_chunk_only": true, "num_samples": 5000, "num_devices": 8, "diversity_n": 4, "distinct_n": 0.343}